{"epoch": 148, "time_epoch": 1385.97831, "time_epoch_std": 0.0, "eta": 1396.51239, "eta_std": 0.0, "eta_hours": 0.38792, "eta_hours_std": 0.0, "loss": 0.06414, "loss_std": 0.0, "lr": 0.0, "lr_std": 0.0, "params": 13807345.0, "params_std": 0.0, "time_iter": 0.10989, "time_iter_std": 0.0, "mae": 0.06414, "mae_std": 0.0, "r2": 0.99013, "r2_std": 0.0, "spearmanr": 0.99459, "spearmanr_std": 0.0, "mse": 0.01333, "mse_std": 0.0, "rmse": 0.11548, "rmse_std": 0.0}
